Grain_ID,Mean_B,Mean_G,Mean_R,Mean_H,Mean_S,Mean_V,Mean_L,Mean_A,Mean_B_Lab,Area,Perimeter,Circularity,AspectRatio,Classification,Reasons
0,95.99207500837147,83.02969081370689,95.69226476169216,124.43219109275589,61.201808237526514,106.29389440785802,93.51322692264762,136.40171894184618,122.91338319008818,8804.0,356.8771984577179,0.8686649451402781,0.8103448275862069,Good,
1,81.67028794430966,72.29131948106739,89.27834616601623,158.8604577576205,57.79137221812045,91.92637907393734,82.79242695918151,137.2233941567345,125.32011391203459,9300.0,412.19090497493744,0.6878535816064923,0.7399395952495458,Defect: Broken/Irregular,Low circularity (0.69); Bad aspect ratio (0.74)
2,98.3234115053117,88.21517338143917,112.83764281419123,161.6601523351373,65.04439767488475,116.65393866506315,102.45049108037684,140.2770094207256,126.43846462216878,9816.5,371.9482653141022,0.8916644659444317,0.819672131147541,Good,
